[
  {
    "name": "watch",
    "description": "red fastrack watch",
    "location": "library",
    "contactName": "siri",
    "contactEmail": "sunni1234@gmail.com",
    "type": "lost",
    "id": "8c10a40a-e12d-4dde-a0b5-e3d603f7700d",
    "date": "2026-01-03T17:23:36.630Z"
  },
  {
    "id": "1",
    "type": "found",
    "name": "Black Backpack",
    "description": "A black Jansport backpack found near the library entrance. Contains a laptop and a notebook.",
    "location": "Library Entrance",
    "date": "2026-01-01T17:22:39.847Z",
    "imageUrl": "https://picsum.photos/seed/backpack/600/400",
    "imageHint": "gray backpack",
    "contactName": "Jane Doe",
    "contactEmail": "jane.doe@campus.edu"
  },
  {
    "id": "2",
    "type": "lost",
    "name": "Car Keys",
    "description": "A set of Toyota car keys with a red keychain. Last seen in the student union building.",
    "location": "Student Union",
    "date": "2026-01-02T17:22:39.847Z",
    "imageUrl": "https://picsum.photos/seed/keys/600/400",
    "imageHint": "keys on table",
    "contactName": "John Smith",
    "contactEmail": "john.smith@campus.edu"
  },
  {
    "id": "3",
    "type": "found",
    "name": "iPhone 13",
    "description": "A blue iPhone 13 in a clear case. Found on a bench in the main quad.",
    "location": "Main Quad",
    "date": "2026-01-03T17:22:39.847Z",
    "imageUrl": "https://picsum.photos/seed/phone/600/400",
    "imageHint": "smartphone screen",
    "contactName": "Admin",
    "contactEmail": "admin@campus.edu"
  },
  {
    "id": "4",
    "type": "lost",
    "name": "Brown Leather Wallet",
    "description": "Lost a brown leather wallet, likely in the cafeteria. Contains a student ID and a driver's license.",
    "location": "Cafeteria",
    "date": "2025-12-31T17:22:39.847Z",
    "imageUrl": "https://picsum.photos/seed/wallet/600/400",
    "imageHint": "leather wallet",
    "contactName": "Emily White",
    "contactEmail": "emily.white@campus.edu"
  }
]