{
  "placeholderImages": [
    {
      "id": "backpack",
      "description": "A placeholder image of a backpack.",
      "imageUrl": "https://images.unsplash.com/photo-1603959479879-f0f176b8286a?crop=entropy&cs=tinysrgb&fit=max&fm=jpg&ixid=M3w3NDE5ODJ8MHwxfHNlYXJjaHwxfHxncmF5JTIwYmFja3BhY2t8ZW58MHx8fHwxNzY3NDU4NDA3fDA&ixlib=rb-4.1.0&q=80&w=1080",
      "imageHint": "gray backpack"
    },
    {
      "id": "keys",
      "description": "A placeholder image of a set of keys.",
      "imageUrl": "https://images.unsplash.com/photo-1731971027912-46c03dffbdf4?crop=entropy&cs=tinysrgb&fit=max&fm=jpg&ixid=M3w3NDE5ODJ8MHwxfHNlYXJjaHw3fHxrZXlzJTIwb24lMjB0YWJsZXxlbnwwfHx8fDE3Njc0NTg0MDd8MA&ixlib=rb-4.1.0&q=80&w=1080",
      "imageHint": "keys on table"
    },
    {
      "id": "phone",
      "description": "A placeholder image of a smartphone.",
      "imageUrl": "https://images.unsplash.com/photo-1662468353955-d7adce63c1be?crop=entropy&cs=tinysrgb&fit=max&fm=jpg&ixid=M3w3NDE5ODJ8MHwxfHNlYXJjaHw1fHxzbWFydHBob25lJTIwc2NyZWVufGVufDB8fHx8MTc2NzM4MTg3Mnww&ixlib=rb-4.1.0&q=80&w=1080",
      "imageHint": "smartphone screen"
    },
    {
      "id": "wallet",
      "description": "A placeholder image of a wallet.",
      "imageUrl": "https://images.unsplash.com/photo-1628483211662-9bcc692c46dc?crop=entropy&cs=tinysrgb&fit=max&fm=jpg&ixid=M3w3NDE5ODJ8MHwxfHNlYXJjaHw2fHxsZWF0aGVyJTIwd2FsbGV0fGVufDB8fHx8MTc2NzM4MzY3MHww&ixlib=rb-4.1.0&q=80&w=1080",
      "imageHint": "leather wallet"
    },
    {
      "id": "default",
      "description": "A generic placeholder image.",
      "imageUrl": "https://images.unsplash.com/photo-1644075364816-35befed6ff35?crop=entropy&cs=tinysrgb&fit=max&fm=jpg&ixid=M3w3NDE5ODJ8MHwxfHNlYXJjaHw0fHxvYmplY3QlMjBvbiUyMGRlc2t8ZW58MHx8fHwxNzY3NDU4NDA4fDA&ixlib=rb-4.1.0&q=80&w=1080",
      "imageHint": "object on desk"
    }
  ]
}